filename,original_index
Image_0_LK_CIR_MER_RAB_FOT_127_91.png,23
Image_0_LK_CIR_MER_RAB_FOT_139_91.png,26
Image_0_LK_CIR_MER_RAB_FOT_176_1351.png,51
Image_0_LK_CIR_MER_RAB_FOT_268_91.png,132
Image_0_LK_CIR_MER_RAB_FOT_290_1161.png,151
Image_0_LK_CIR_MER_RAB_FOT_297_401.png,157
Image_0_LK_CIR_MER_RAB_FOT_342_1691.png,199
Image_0_LK_CIR_MER_RAB_FOT_425_1091.png,252
Image_0_LK_CIR_MER_RAB_FOT_461_391.png,287
Image_0_LK_CIR_MER_RAB_FOT_48_291.png,296
Image_0_LK_CIR_MER_RAB_FOT_48_491.png,297
Image_0_LK_CIR_MER_RAB_FOT_48_691.png,298
Image_0_LK_CIR_MER_RAB_FOT_508_91.png,322
Image_0_LK_CIR_MER_RAB_FOT_631_646.png,415
Image_0_LK_CIR_MER_RAB_FOT_632_291.png,416
Image_0_LK_CIR_MER_RAB_FOT_644_576.png,429
Image_0_LK_CIR_MER_RAB_FOT_661_291.png,443
Image_0_LK_CIR_MER_RAB_FOT_687_591.png,468
Image_0_LK_CIR_MER_RAB_FOT_68_391.png,471
Image_0_LK_CIR_MER_RAB_FOT_697_91.png,478
Image_0_LK_CIR_MER_RAB_FOT_902_1091.png,668
Image_0_LK_CIR_MER_RAB_FOT_909_496.png,680
Image_0_LK_CIR_MER_RAB_FOT_918_736.png,691
Image_0_LK_CIR_MER_RAB_FOT_920_176.png,693
Image_0_LK_CIR_MER_RAB_FOT_932_391.png,705
Image_0_LK_CIR_MER_RAB_FOT_950_771.png,720
Image_11_LK_CIR_MER_RAB_FOT_155_986.png,764
Image_11_LK_CIR_MER_RAB_FOT_25_976.png,776
Image_11_LK_CIR_MER_RAB_FOT_34_1081.png,807
Image_12_LK_CIR_MER_RAB_FOT_262_1016.png,896
Image_12_LK_CIR_MER_RAB_FOT_452_286.png,915
Image_12_LK_CIR_MER_RAB_FOT_723_341.png,944
Image_13_LK_CIR_MER_RAB_FOT_509_411.png,1090
Image_13_LK_CIR_MER_RAB_FOT_623_416.png,1128
Image_13_LK_CIR_MER_RAB_FOT_791_551.png,1196
Image_23_LK_CIR_MER_RAB_FOT_323_186.png,1321
Image_23_LK_CIR_MER_RAB_FOT_410_426.png,1344
Image_23_LK_CIR_MER_RAB_FOT_447_186.png,1362
Image_23_LK_CIR_MER_RAB_FOT_475_606.png,1375
Image_23_LK_CIR_MER_RAB_FOT_641_261.png,1438
Image_23_LK_CIR_MER_RAB_FOT_664_236.png,1451
Image_23_LK_CIR_MER_RAB_FOT_691_346.png,1456
Image_23_LK_CIR_MER_RAB_FOT_722_216.png,1461
Image_23_LK_CIR_MER_RAB_FOT_842_261.png,1482
Image_33_LK_CIR_MER_RAB_FOT_277_241.png,1551
Image_33_LK_CIR_MER_RAB_FOT_369_376.png,1558
Image_33_LK_CIR_MER_RAB_FOT_378_176.png,1563
Image_33_LK_CIR_MER_RAB_FOT_55_166.png,1602
Image_33_LK_CIR_MER_RAB_FOT_55_211.png,1606
Image_33_LK_CIR_MER_RAB_FOT_60_321.png,1609
Image_43_LK_CIR_MER_RAB_FOT_171_411.png,1718
Image_43_LK_CIR_MER_RAB_FOT_171_426.png,1720
Image_43_LK_CIR_MER_RAB_FOT_436_286.png,1782
Image_43_LK_CIR_MER_RAB_FOT_752_416.png,1844
Image_43_LK_CIR_MER_RAB_FOT_857_416.png,1861
Image_43_LK_CIR_MER_RAB_FOT_875_406.png,1864
Image_43_LK_CIR_MER_RAB_FOT_924_416.png,1878
Image_51_LK_CIR_MER_RAB_FOT_30_661.png,1909
Image_51_LK_CIR_MER_RAB_FOT_95_506.png,1924
Image_53_LK_CIR_MER_RAB_FOT_146_341.png,1941
Image_53_LK_CIR_MER_RAB_FOT_168_236.png,1952
Image_53_LK_CIR_MER_RAB_FOT_189_171.png,1967
Image_53_LK_CIR_MER_RAB_FOT_189_261.png,1973
Image_53_LK_CIR_MER_RAB_FOT_349_296.png,2022
Image_53_LK_CIR_MER_RAB_FOT_409_341.png,2031
Image_53_LK_CIR_MER_RAB_FOT_439_166.png,2042
Image_53_LK_CIR_MER_RAB_FOT_490_291.png,2091
Image_53_LK_CIR_MER_RAB_FOT_665_131.png,2123
Image_53_LK_CIR_MER_RAB_FOT_925_331.png,2210
Image_0_drivingAlone_RVL_RAB_FOT_100_626.png,2233
Image_0_drivingAlone_RVL_RAB_FOT_103_806.png,2242
Image_0_drivingAlone_RVL_RAB_FOT_118_1216.png,2269
Image_0_drivingAlone_RVL_RAB_FOT_125_871.png,2285
Image_0_drivingAlone_RVL_RAB_FOT_132_311.png,2303
Image_0_drivingAlone_RVL_RAB_FOT_13_1216.png,2323
Image_0_drivingAlone_RVL_RAB_FOT_206_331.png,2468
Image_0_drivingAlone_RVL_RAB_FOT_215_341.png,2493
Image_0_drivingAlone_RVL_RAB_FOT_220_1056.png,2505
Image_0_drivingAlone_RVL_RAB_FOT_234_981.png,2543
Image_0_drivingAlone_RVL_RAB_FOT_239_926.png,2550
Image_0_drivingAlone_RVL_RAB_FOT_253_266.png,2579
Image_0_drivingAlone_RVL_RAB_FOT_254_796.png,2583
Image_0_drivingAlone_RVL_RAB_FOT_261_526.png,2605
Image_0_drivingAlone_RVL_RAB_FOT_272_1336.png,2630
Image_0_drivingAlone_RVL_RAB_FOT_272_736.png,2631
Image_0_drivingAlone_RVL_RAB_FOT_273_531.png,2633
Image_0_drivingAlone_RVL_RAB_FOT_277_1426.png,2640
Image_0_drivingAlone_RVL_RAB_FOT_281_906.png,2651
Image_0_drivingAlone_RVL_RAB_FOT_283_996.png,2655
Image_0_drivingAlone_RVL_RAB_FOT_297_306.png,2677
Image_0_drivingAlone_RVL_RAB_FOT_299_811.png,2683
Image_0_drivingAlone_RVL_RAB_FOT_314_726.png,2722
Image_0_drivingAlone_RVL_RAB_FOT_317_1401.png,2726
Image_0_drivingAlone_RVL_RAB_FOT_31_1401.png,2732
Image_0_drivingAlone_RVL_RAB_FOT_375_991.png,2881
Image_0_drivingAlone_RVL_RAB_FOT_412_256.png,2974
Image_0_drivingAlone_RVL_RAB_FOT_418_746.png,2992
Image_0_drivingAlone_RVL_RAB_FOT_423_841.png,3012
Image_0_drivingAlone_RVL_RAB_FOT_434_221.png,3049
Image_0_drivingAlone_RVL_RAB_FOT_447_971.png,3089
Image_0_drivingAlone_RVL_RAB_FOT_454_1261.png,3113
Image_0_drivingAlone_RVL_RAB_FOT_475_526.png,3169
Image_0_drivingAlone_RVL_RAB_FOT_476_861.png,3174
Image_0_drivingAlone_RVL_RAB_FOT_478_1436.png,3178
Image_0_drivingAlone_RVL_RAB_FOT_503_701.png,3250
Image_0_drivingAlone_RVL_RAB_FOT_513_351.png,3270
Image_0_drivingAlone_RVL_RAB_FOT_514_986.png,3275
Image_0_drivingAlone_RVL_RAB_FOT_518_516.png,3285
Image_0_drivingAlone_RVL_RAB_FOT_526_991.png,3299
Image_0_drivingAlone_RVL_RAB_FOT_571_1141.png,3425
Image_0_drivingAlone_RVL_RAB_FOT_576_1011.png,3434
Image_0_drivingAlone_RVL_RAB_FOT_579_611.png,3442
Image_0_drivingAlone_RVL_RAB_FOT_596_1166.png,3487
Image_0_drivingAlone_RVL_RAB_FOT_615_726.png,3543
Image_0_drivingAlone_RVL_RAB_FOT_615_826.png,3544
Image_0_drivingAlone_RVL_RAB_FOT_622_1306.png,3558
Image_0_drivingAlone_RVL_RAB_FOT_626_296.png,3570
Image_0_drivingAlone_RVL_RAB_FOT_626_696.png,3572
Image_0_drivingAlone_RVL_RAB_FOT_643_821.png,3633
Image_0_drivingAlone_RVL_RAB_FOT_650_1161.png,3648
Image_0_drivingAlone_RVL_RAB_FOT_654_716.png,3656
Image_0_drivingAlone_RVL_RAB_FOT_667_511.png,3682
Image_0_drivingAlone_RVL_RAB_FOT_669_381.png,3686
Image_0_drivingAlone_RVL_RAB_FOT_681_501.png,3713
Image_0_drivingAlone_RVL_RAB_FOT_693_1101.png,3741
Image_0_drivingAlone_RVL_RAB_FOT_699_1476.png,3765
Image_0_drivingAlone_RVL_RAB_FOT_715_621.png,3802
Image_0_drivingAlone_RVL_RAB_FOT_748_1251.png,3879
Image_0_drivingAlone_RVL_RAB_FOT_753_1171.png,3895
Image_0_drivingAlone_RVL_RAB_FOT_770_306.png,3934
Image_0_drivingAlone_RVL_RAB_FOT_77_191.png,3956
Image_0_drivingAlone_RVL_RAB_FOT_78_861.png,3977
Image_0_drivingAlone_RVL_RAB_FOT_79_846.png,4004
Image_0_drivingAlone_RVL_RAB_FOT_805_1301.png,4020
Image_0_drivingAlone_RVL_RAB_FOT_817_886.png,4049
Image_0_drivingAlone_RVL_RAB_FOT_830_921.png,4087
Image_0_drivingAlone_RVL_RAB_FOT_841_916.png,4113
Image_0_drivingAlone_RVL_RAB_FOT_843_861.png,4120
Image_0_drivingAlone_RVL_RAB_FOT_846_641.png,4127
Image_0_drivingAlone_RVL_RAB_FOT_862_831.png,4163
Image_0_drivingAlone_RVL_RAB_FOT_907_1126.png,4270
Image_0_drivingAlone_RVL_RAB_FOT_914_1346.png,4287
Image_0_drivingAlone_RVL_RAB_FOT_914_346.png,4289
Image_0_drivingAlone_RVL_RAB_FOT_916_681.png,4291
Image_0_drivingAlone_RVL_RAB_FOT_931_1341.png,4320
Image_0_drivingAlone_RVL_RAB_FOT_932_641.png,4324
Image_0_drivingAlone_RVL_RAB_FOT_961_821.png,4394
Image_0_drivingAlone_RVL_RAB_FOT_968_1161.png,4410
Image_0_drivingAlone_RVL_RAB_FOT_971_441.png,4419
Image_0_drivingAlone_RVL_RAB_FOT_989_286.png,4462
